{
  "configuracion_evaluacion": {
    "batch_size": 8,
    "target_size": [
      256,
      256
    ],
    "threshold": 0.5
  },
  "modelos_evaluados": [
    "U-Net Básica",
    "Attention U-Net",
    "Residual U-Net",
    "U-Net++",
    "DeepLabV3+",
    "TransUNet"
  ],
  "mejor_modelo": {
    "nombre": "TransUNet",
    "metricas": {
      "dice": 0.8519396929740906,
      "iou": 0.7495227620601654,
      "precision": 0.8732154788970947,
      "recall": 0.8454203548431396,
      "f1": 0.8519392175674438,
      "dice_mean": 0.8578253687449267,
      "dice_std": 0.16548981627449924,
      "dice_median": 0.9146857031442597,
      "dice_min": 0.0,
      "dice_max": 0.9821288538122858,
      "iou_mean": 0.7777050175094539,
      "iou_std": 0.1873552933171757,
      "precision_mean": 0.8625956220775126,
      "recall_mean": 0.9021518313674853,
      "f1_mean": 0.8819299075374509,
      "num_samples": 1000,
      "dice_p25": 0.8535008524576662,
      "iou_p25": 0.7444408982417383,
      "dice_p50": 0.9146857031442597,
      "iou_p50": 0.8427841648836643,
      "dice_p75": 0.9419121250221019,
      "iou_p75": 0.8902021740747856,
      "dice_p90": 0.9599439569380531,
      "iou_p90": 0.9229733000034549,
      "dice_p95": 0.966575550392363,
      "iou_p95": 0.9353132531168228
    }
  },
  "resumen_estadistico": {
    "num_modelos": 6,
    "num_muestras": 1000,
    "dice_promedio": 0.8180740855932237,
    "dice_maximo": 0.8519396929740906,
    "dice_minimo": 0.780807231426239
  },
  "archivos_generados": [
    "experiments/comparative_analysis/metrics_comparison.csv",
    "experiments/comparative_analysis/comparative_metrics_analysis.png",
    "experiments/comparative_analysis/qualitative_comparison.png",
    "experiments/comparative_analysis/comparison_state_of_art.png"
  ],
  "timestamp": "2026-01-10T21:22:28.112193"
}