Modelo,Dice Score,Dice ± std,IoU,IoU ± std,Precisión,Recall,F1-Score,Dice Mediana,Dice P25-P75,Parámetros (M)
DeepLabV3+,0.8910730893795307,0.885 ± 0.120,0.8055419876025274,0.809 ± 0.150,0.8975741588152372,0.8918392291435828,0.8910726217123178,0.92118686,0.866-0.948,20.3
U-Net++,0.8700645199188819,0.873 ± 0.117,0.7739460880939777,0.791 ± 0.156,0.885286285327031,0.8663679453042837,0.8700640384967511,0.9140819,0.860-0.941,9.0
TransUNet,0.8690033600880549,0.872 ± 0.154,0.7757611641517053,0.798 ± 0.180,0.9032951455849868,0.8492519305302546,0.8690029015907874,0.924855,0.879-0.948,39.9
U-Net Básica,0.8677113102032588,0.872 ± 0.119,0.7709873226972727,0.789 ± 0.157,0.8860156398553115,0.859968575147482,0.8677108425360459,0.9126714,0.860-0.941,31.0
Attention U-Net,0.8458557908351605,0.847 ± 0.171,0.738455763229957,0.763 ± 0.197,0.8743205208044785,0.8348533923809345,0.8458553231679476,0.9103782,0.862-0.939,31.4
Residual U-Net,0.834331961778494,0.835 ± 0.191,0.7255426484804887,0.750 ± 0.212,0.8984432999904339,0.8002105171863849,0.8343314849413358,0.90623057,0.825-0.939,32.4
