Modelo,Dice Score,Dice ± std,IoU,IoU ± std,Precisión,Recall,F1-Score,Dice Mediana,Dice P25-P75,Parámetros (M)
TransUNet,0.8904990966503437,0.890 ± 0.114,0.8050199930484478,0.817 ± 0.155,0.9220806314395025,0.8639470155422504,0.8904986289831308,0.93152297,0.873-0.957,39.9
DeepLabV3+,0.8891058472486643,0.882 ± 0.131,0.8031682326243474,0.806 ± 0.160,0.8946471214294434,0.8856167013828571,0.8891053612415607,0.918329,0.863-0.950,20.3
U-Net++,0.8646934903584994,0.865 ± 0.131,0.764619414622967,0.782 ± 0.168,0.8851395799563482,0.8509089534099286,0.8646930226912866,0.9148078,0.861-0.942,9.0
Residual U-Net,0.8628166501338665,0.862 ± 0.142,0.7616261014571557,0.778 ± 0.169,0.8784078084505521,0.8522170873788687,0.8628161870516263,0.90832007,0.854-0.938,32.4
Attention U-Net,0.8577057994329013,0.857 ± 0.164,0.7551050598804767,0.777 ± 0.195,0.9004842318021334,0.8255213682468121,0.8577053317656884,0.9226937,0.859-0.947,31.4
U-Net Básica,0.8484333478487455,0.835 ± 0.146,0.7403584810403677,0.737 ± 0.171,0.8538703459959763,0.8485285272965064,0.8484328618416419,0.88470054,0.813-0.921,31.0
