Modelo,Dice Score,Dice ± std,IoU,IoU ± std,Precisión,Recall,F1-Score,Dice Mediana,Dice P25-P75,Parámetros (M)
TransUNet,0.8578253687449267,0.858 ± 0.165,0.7777050175094539,0.778 ± 0.187,0.8625956220775126,0.9021518313674853,0.8819299075374509,0.9146857031442597,0.854-0.942,39.9
DeepLabV3+,0.8502724305804396,0.850 ± 0.171,0.7674049916328615,0.767 ± 0.191,0.8525386393024195,0.9013485826438697,0.8762639312688212,0.9062794126788318,0.844-0.940,20.3
U-Net++,0.8353974331859917,0.835 ± 0.166,0.7447146849019146,0.745 ± 0.195,0.845739155452251,0.8858811383546907,0.8653443665341133,0.8963552870571145,0.798-0.938,9.0
Residual U-Net,0.8137696605090639,0.814 ± 0.200,0.7220450979031773,0.722 ± 0.217,0.8176534939182695,0.8760810179234186,0.8458589906775387,0.8899168895125482,0.796-0.928,32.4
Attention U-Net,0.7843450080796331,0.784 ± 0.241,0.6951767051015922,0.695 ± 0.256,0.8115537991260373,0.8403486507585152,0.8256997588583945,0.8912391685020502,0.746-0.936,31.4
U-Net Básica,0.7699707438987603,0.770 ± 0.195,0.6589682585550282,0.659 ± 0.212,0.7406143727658344,0.8908652563627567,0.8088206519649382,0.8385771169918905,0.721-0.898,31.0
