Modelo,Dice Score,Dice ± std,IoU,IoU ± std,Precisión,Recall,F1-Score,Dice Mediana,Dice P25-P75,Parámetros (M)
DeepLabV3+,0.8724584670066834,0.874 ± 0.135,0.778479043006897,0.796 ± 0.163,0.8780893726348877,0.8765991806983948,0.8724579916000367,0.9190306232970876,0.867-0.944,20.3
TransUNet,0.8624565954208374,0.863 ± 0.142,0.7632917835712433,0.779 ± 0.170,0.8387117028236389,0.8969339489936828,0.8624561166763306,0.9090394334898804,0.846-0.941,39.9
Residual U-Net,0.8485135579109192,0.854 ± 0.151,0.7429844715595245,0.769 ± 0.179,0.8769779272079468,0.8342828273773193,0.8485130877494812,0.9048348095320942,0.843-0.939,32.4
U-Net++,0.8465208058357239,0.853 ± 0.152,0.7403756144046784,0.767 ± 0.183,0.8795792737007141,0.8290144395828247,0.8465203371047973,0.908063176395416,0.836-0.941,9.0
Attention U-Net,0.8403657670021057,0.847 ± 0.178,0.7328703835010528,0.765 ± 0.205,0.8949970397949218,0.804824526309967,0.840365297794342,0.9154489665784478,0.848-0.945,31.4
U-Net Básica,0.8210071158409119,0.815 ± 0.165,0.7028131008148193,0.713 ± 0.188,0.8457913413047791,0.8133921585083008,0.8210066418647766,0.8679806430925721,0.786-0.915,31.0
