Modelo,Dice Score,Dice ± std,IoU,IoU ± std,Precisión,Recall,F1-Score,Dice Mediana,Dice P25-P75,Parámetros (M)
DeepLabV3+,0.8711224241256714,0.876 ± 0.144,0.7775708031654358,0.801 ± 0.172,0.895518814086914,0.8588455176353454,0.8711219549179077,0.9230758913700128,0.869-0.950,20.3
TransUNet,0.8539726605415344,0.858 ± 0.154,0.7514739062786102,0.775 ± 0.179,0.8822900042533874,0.8394448850154876,0.8539721908569335,0.9098954508892293,0.850-0.940,39.9
Residual U-Net,0.8485135579109192,0.854 ± 0.151,0.7429844715595245,0.769 ± 0.179,0.8769779272079468,0.8342828273773193,0.8485130877494812,0.9048348095320942,0.843-0.939,32.4
U-Net++,0.8465208058357239,0.853 ± 0.152,0.7403756144046784,0.767 ± 0.183,0.8795792737007141,0.8290144395828247,0.8465203371047973,0.908063176395416,0.836-0.941,9.0
Attention U-Net,0.8403657670021057,0.847 ± 0.178,0.7328703835010528,0.765 ± 0.205,0.8949970397949218,0.804824526309967,0.840365297794342,0.9154489665784478,0.848-0.945,31.4
U-Net Básica,0.8210071158409119,0.815 ± 0.165,0.7028131008148193,0.713 ± 0.188,0.8457913413047791,0.8133921585083008,0.8210066418647766,0.8679806430925721,0.786-0.915,31.0
