train_loss,val_loss,train_dice,val_dice,train_iou,val_iou,learning_rate
0.5723505098326707,0.7177853400890644,0.5673919450721623,0.5954148952777569,0.4225201367136137,0.42647556158212513,0.0001
0.4245595637662911,0.3293639857035417,0.6686037033336398,0.7862667716466464,0.5228169968144761,0.6513814742748554,0.0001
0.35593692268486377,0.3191434603471022,0.6846079807498573,0.7686991233092088,0.5431583414981027,0.6282691405369685,0.0001
0.2949645716559004,0.31325685519438523,0.7186089361339439,0.7704357138046851,0.5798337811627138,0.6301447588663834,0.0001
0.26749657805043237,0.27676238692723787,0.7234482996993594,0.8028523967816279,0.58521010381756,0.6791456525142376,0.0001
