Dataset,Imágenes,Máscaras,Altura Media,Ancho Medio,Tamaño Img (MB),Cobertura Media
TRAIN,2594,2594,2196.4666666666667,3230.98,4.180373439788818,0.2157214487095397
VAL,100,100,1775.8,2448.83,2.286264629364014,0.26848125503141795
TEST,1000,0,1839.0733333333333,2547.153333333333,1.999789326985677,
