Dataset,Imágenes,Máscaras,Altura Media,Ancho Medio,Tamaño Img (MB),Intensidad Media,Cobertura Media
TRAIN,2594,2594,2166.791441788743,3188.2663839629913,4.123502245662574,155.26198614595714,0.21402130154382532
VAL,100,100,1775.8,2448.83,2.286264629364014,148.3600844533798,0.26848125503141795
TEST,1000,1000,1850.575,2529.909,2.2645776166915894,148.10275862371032,0.2798502729302595
