{
  "isic_2018": {
    "mean": [
      0.7082465136446539,
      0.5819248023511299,
      0.5358685658996353
    ],
    "std": [
      0.15739191989486537,
      0.1656613950578294,
      0.1808038787521763
    ],
    "n_images": 2594,
    "n_pixels": 170000384
  },
  "imagenet": {
    "mean": [
      0.485,
      0.456,
      0.406
    ],
    "std": [
      0.229,
      0.224,
      0.225
    ]
  },
  "description": "Estad\u00edsticas calculadas del training set de ISIC 2018"
}