{
  "isic_2018": {
    "mean": [
      0.4963434588245695,
      0.4087700575371368,
      0.3765290036973318
    ],
    "std": [
      0.35046567612086493,
      0.30154469632173947,
      0.28945535025086183
    ],
    "n_images": 2594,
    "n_pixels": 170000384
  },
  "imagenet": {
    "mean": [
      0.485,
      0.456,
      0.406
    ],
    "std": [
      0.229,
      0.224,
      0.225
    ]
  },
  "description": "Estad\u00edsticas calculadas del training set de ISIC 2018"
}