Modelo,Dice Inicial,Dice Final,Mejora Dice,Mejor Dice,Overfitting Dice,Loss Inicial,Loss Final,Mejora Loss,Overfitting Loss,Épocas para converger,Tiempo Total (min),Tiempo/Época (s)
DeepLabV3+,0.8049733213015965,0.8766895362309047,0.07171621492930824,0.8964479906218392,0.008408117914536217,0.26972965257508413,0.16395233358655656,0.10577731898852757,0.06964743418891697,34,4.892697791258494,6.671860624443401
TransUNet,0.6320507100650242,0.8832905122212001,0.2512398021561759,0.8961707864488874,-0.007065418588631633,0.597672871180943,0.1675381607242993,0.43013471045664375,0.06257977112602095,45,7.165798767407735,7.817235018990257
Residual U-Net,0.7221648607935224,0.8437549557004657,0.12159009490694328,0.864848622253963,0.02699831196450253,0.42926190154893057,0.2434448621102742,0.18581703943865638,0.1323047100157334,21,11.04478364388148,21.377000601060928
U-Net++,0.5984912514686584,0.8579832315444946,0.2594919800758362,0.8647711106709072,0.010237365961074829,0.5782413610390255,0.20047530319009507,0.37776605784893036,0.07845351625253598,21,9.79695907831192,18.961856280603715
Attention U-Net,0.5907463942255292,0.8248233880315509,0.23407699380602165,0.8562831027167184,0.03330000199548355,0.5669658524649483,0.25721355208328794,0.3097523003816604,0.1319027899992792,15,10.01543574333191,24.037045783996582
U-Net Básica,0.7184012702533177,0.8249681166240147,0.10656684637069702,0.8489995683942523,0.02617810784824315,0.44114079219954355,0.24833387987954275,0.1928069123200008,0.11519043224106496,10,6.424787851174672,19.27436355352402
