Modelo,Dice Inicial,Dice Final,Mejora Dice,Mejor Dice,Overfitting Dice,Loss Inicial,Loss Final,Mejora Loss,Overfitting Loss,Épocas para converger,Tiempo Total (min),Tiempo/Época (s)
DeepLabV3+,0.7982997160691482,0.8569415119978098,0.05864179592866159,0.8910706776839036,0.027630418786692368,0.2885234310076787,0.2073934508057741,0.0811299802019046,0.11620723253738661,34,14.439843233426412,19.690695318308745
U-Net++,0.658956385575808,0.8613636585382315,0.20240727296242345,0.8700719796694242,0.02308129568045636,0.5081419394566462,0.20098576006981042,0.3071561793868358,0.10648666756096714,45,46.125012954076134,54.26472112244251
TransUNet,0.7406771962459271,0.8690057901235727,0.1283285938776456,0.8690057901235727,0.0035411731781330724,0.5706053788845356,0.1908329828427388,0.37977239604179674,0.08651531168904442,33,12.296345885594686,22.356992519263066
U-Net Básica,0.7522620650438162,0.8621446994634775,0.10988263441966128,0.8677375958516047,0.01722832922695483,0.4376832590653346,0.19875180778595117,0.23893145127938345,0.09931860768553735,41,50.87775558630626,59.85618304271324
Attention U-Net,0.7462280576045697,0.8301591643920312,0.08393110678746152,0.845853172815763,0.019565601428972457,0.44174115932904756,0.23339401873258445,0.20834714059646312,0.10502635147369485,12,20.25798531770706,63.972585213811776
Residual U-Net,0.713696681536161,0.8319542499688956,0.1182575684327346,0.8343319984582754,0.004454702903062824,0.44312678850614107,0.2257409141613887,0.21738587434475237,0.08931634325360754,8,19.510553709665935,65.03517903221979
