Modelo,Dice Inicial,Dice Final,Mejora Dice,Mejor Dice,Overfitting Dice,Loss Inicial,Loss Final,Mejora Loss,Overfitting Loss,Épocas para converger,Tiempo Total (min),Tiempo/Época (s)
DeepLabV3+,0.7957285557474408,0.8891180668558393,0.09338951110839844,0.8933641314506531,-0.004690007610505975,0.27264106273651123,0.1527640638606889,0.11987699887582234,0.05828201752714483,28,4.285995093981425,6.767360674707513
TransUNet,0.6522043006760734,0.8635134015764508,0.21130910090037747,0.8870545625686646,0.012017105517143523,0.5958676338195801,0.21009268718106405,0.385774946638516,0.10547910859016618,26,4.7601497054100035,7.933582842350006
Residual U-Net,0.7221648607935224,0.8437549557004657,0.12159009490694328,0.864848622253963,0.02699831196450253,0.42926190154893057,0.2434448621102742,0.18581703943865638,0.1323047100157334,21,11.124005035559337,21.530332326889038
U-Net++,0.5984912514686584,0.8579832315444946,0.2594919800758362,0.8647711106709072,0.010237365961074829,0.5782413610390255,0.20047530319009507,0.37776605784893036,0.07845351625253598,21,9.616838892300924,18.613236565743723
Attention U-Net,0.5907463942255292,0.8248233880315509,0.23407699380602165,0.8562831027167184,0.03330000199548355,0.5669658524649483,0.25721355208328794,0.3097523003816604,0.1319027899992792,15,10.079646003246307,24.191150407791138
U-Net Básica,0.7184012702533177,0.8249681166240147,0.10656684637069702,0.8489995683942523,0.02617810784824315,0.44114079219954355,0.24833387987954275,0.1928069123200008,0.11519043224106496,10,6.451221919059753,19.35366575717926
