Modelo,Dice Inicial,Dice Final,Mejora Dice,Mejor Dice,Overfitting Dice,Loss Inicial,Loss Final,Mejora Loss,Overfitting Loss,Épocas para converger,Tiempo Total (min),Tiempo/Época (s)
DeepLabV3+,0.823605443750109,0.8902346406664167,0.06662919691630764,0.892798934664045,-0.016275175875036352,0.2526501544884273,0.14978859892913274,0.10286155555929458,0.04818891091978529,24,3.813872289657593,6.730362864101634
TransUNet,0.6724846363067627,0.8656102589198521,0.1931256226130894,0.8918743303843907,0.006306208656998935,0.592276224068233,0.20036859278167998,0.39190763128655304,0.09186021244478605,20,3.929455216725667,7.858910433451334
Residual U-Net,0.7221648607935224,0.8437549557004657,0.12159009490694328,0.864848622253963,0.02699831196450253,0.42926190154893057,0.2434448621102742,0.18581703943865638,0.1323047100157334,21,10.710774068037669,20.730530454266457
U-Net++,0.5984912514686584,0.8579832315444946,0.2594919800758362,0.8647711106709072,0.010237365961074829,0.5782413610390255,0.20047530319009507,0.37776605784893036,0.07845351625253598,21,9.501793416341146,18.390567902595766
Attention U-Net,0.5907463942255292,0.8248233880315509,0.23407699380602165,0.8562831027167184,0.03330000199548355,0.5669658524649483,0.25721355208328794,0.3097523003816604,0.1319027899992792,15,9.685851267973582,23.246043043136595
U-Net Básica,0.7184012702533177,0.8249681166240147,0.10656684637069702,0.8489995683942523,0.02617810784824315,0.44114079219954355,0.24833387987954275,0.1928069123200008,0.11519043224106496,10,6.254450233777364,18.763350701332094
